{
  "instances" : [ {
    "id" : "BD14D266-65AE-11E9-A4A8-D65EFDB6D3A9",
    "hrid" : "in00002182",
    "source" : "DEDALUS",
    "title" : "O Contrapoder popular /",
    "alternativeTitles" : [ ],
    "editions" : [ ],
    "series" : [ ],
    "identifiers" : [ ],
    "contributors" : [ {
      "name" : "Pereira, Cristóvão",
      "contributorNameTypeId" : "2b94c631-fca9-4892-a730-03ee529ffe2a"
    } ],
    "subjects" : [ "Ética", "Ciência política", "Cristianismo" ],
    "classifications" : [ ],
    "publication" : [ {
      "publisher" : "Perffil Editora, ",
      "place" : "Belo Horizonte :",
      "dateOfPublication" : "2005."
    } ],
    "publicationFrequency" : [ ],
    "publicationRange" : [ ],
    "electronicAccess" : [ ],
    "instanceTypeId" : "6312d172-f0cf-40f6-b27d-9fa8feaf332f",
    "instanceFormatIds" : [ ],
    "physicalDescriptions" : [ "111 p." ],
    "languages" : [ "or " ],
    "notes" : [ "Inclui bibliografia." ],
    "modeOfIssuanceId" : "9d18a02f-5897-4c31-9106-c9abb5c7ae8b",
    "catalogedDate" : "20181001120435.0",
    "statisticalCodeIds" : [ ],
    "sourceRecordFormat" : "MARC-JSON",
    "statusId" : "52a2ff34-2a12-420d-8539-21aa8d3cf5d8",
    "metadata" : {
      "createdDate" : "2019-04-23T10:01:18.252+0000",
      "createdByUserId" : "47c75435-e168-467a-a564-b926c2cce858",
      "updatedDate" : "2019-04-23T10:01:18.252+0000",
      "updatedByUserId" : "47c75435-e168-467a-a564-b926c2cce858"
    },
    "holdingsRecords2" : [ ]
  } ],
  "totalRecords" : 679
}
