{
    "totalRecords": 18,
    "instances": [
        {
            "holdingsRecords2": [],
            "statusId": "52a2ff34-2a12-420d-8539-21aa8d3cf5d8",
            "id": "29230C4A-892F-11E9-869F-CC19B3E9A33F",
            "identifiers": [
                {
                    "identifierTypeId": "7e591197-f335-4afb-bc6d-a6d76ca3bace",
                    "value": "(DE-599)GBV1011162431"
                }
            ],
            "source": "DEDALUS",
            "title": "Cantatas for bass",
            "publication": [],
            "notes": [],
            "classifications": [],
            "statisticalCodeIds": [],
            "catalogedDate": "20180118183625.0",
            "electronicAccess": [],
            "alternativeTitles": [
                {
                    "alternativeTitle": "Ich habe genung",
                    "alternativeTitleTypeId": "0fe58901-183e-4678-a3aa-0b4751174ba8"
                }
            ],
            "instanceFormatIds": [],
            "subjects": [],
            "series": [],
            "publicationRange": [],
            "instanceTypeId": "3be24c14-3551-4180-9292-26a786649c8b",
            "modeOfIssuanceId": "9d18a02f-5897-4c31-9106-c9abb5c7ae8b",
            "hrid": "in00001496",
            "physicalDescriptions": [
                "Track 10-14"
            ],
            "languages": [
                "ger"
            ],
            "publicationFrequency": [],
            "contributors": [
                {
                    "name": "Bach, Johann Sebastian",
                    "contributorNameTypeId": "2b94c631-fca9-4892-a730-03ee529ffe2a"
                },
                {
                    "name": "Arfken, Katharina",
                    "contributorNameTypeId": "2b94c631-fca9-4892-a730-03ee529ffe2a"
                },
                {
                    "name": "Goltz, Gottfried von der",
                    "contributorNameTypeId": "2b94c631-fca9-4892-a730-03ee529ffe2a"
                },
                {
                    "name": "Freiburger Barockorchester",
                    "contributorNameTypeId": "2e48e713-17f3-4c13-a9f8-23845bb210aa"
                }
            ],
            "metadata": {
                "createdDate": "2019-06-07T14:18:45.888+0000",
                "updatedByUserId": "fe5c9c37-0142-4788-8a96-b12181fb27d4",
                "createdByUserId": "fe5c9c37-0142-4788-8a96-b12181fb27d4",
                "updatedDate": "2019-06-07T14:18:45.888+0000"
            },
            "editions": []
        },
        {
            "holdingsRecords2": [],
            "statusId": "52a2ff34-2a12-420d-8539-21aa8d3cf5d8",
            "id": "603A3352-892F-11E9-A925-ED19B3E9A33F",
            "sourceRecordFormat": "MARC-JSON",
            "identifiers": [
                {
                    "identifierTypeId": "7e591197-f335-4afb-bc6d-a6d76ca3bace",
                    "value": "(DE-599)GBV1011162431"
                }
            ],
            "source": "DEDALUS",
            "title": "Cantatas for bass",
            "publication": [],
            "notes": [],
            "classifications": [],
            "statisticalCodeIds": [],
            "catalogedDate": "20180118183625.0",
            "electronicAccess": [],
            "alternativeTitles": [
                {
                    "alternativeTitle": "Ich habe genung",
                    "alternativeTitleTypeId": "0fe58901-183e-4678-a3aa-0b4751174ba8"
                }
            ],
            "instanceFormatIds": [],
            "subjects": [],
            "series": [],
            "publicationRange": [],
            "instanceTypeId": "3be24c14-3551-4180-9292-26a786649c8b",
            "modeOfIssuanceId": "9d18a02f-5897-4c31-9106-c9abb5c7ae8b",
            "hrid": "in00001497",
            "physicalDescriptions": [
                "Track 10-14"
            ],
            "languages": [
                "ger"
            ],
            "publicationFrequency": [],
            "contributors": [
                {
                    "name": "Bach, Johann Sebastian",
                    "contributorNameTypeId": "2b94c631-fca9-4892-a730-03ee529ffe2a"
                },
                {
                    "name": "Arfken, Katharina",
                    "contributorNameTypeId": "2b94c631-fca9-4892-a730-03ee529ffe2a"
                },
                {
                    "name": "Goltz, Gottfried von der",
                    "contributorNameTypeId": "2b94c631-fca9-4892-a730-03ee529ffe2a"
                },
                {
                    "name": "Freiburger Barockorchester",
                    "contributorNameTypeId": "2e48e713-17f3-4c13-a9f8-23845bb210aa"
                }
            ],
            "metadata": {
                "createdDate": "2019-06-07T14:20:18.247+0000",
                "updatedByUserId": "fe5c9c37-0142-4788-8a96-b12181fb27d4",
                "createdByUserId": "fe5c9c37-0142-4788-8a96-b12181fb27d4",
                "updatedDate": "2019-06-07T14:20:18.247+0000"
            },
            "editions": []
        },
        {
            "holdingsRecords2": [],
            "statusId": "52a2ff34-2a12-420d-8539-21aa8d3cf5d8",
            "id": "603F0486-892F-11E9-A925-ED19B3E9A33F",
            "sourceRecordFormat": "MARC-JSON",
            "identifiers": [
                {
                    "identifierTypeId": "5d164f4b-0b15-4e42-ae75-cfcf85318ad9",
                    "value": "9781473937703"
                },
                {
                    "identifierTypeId": "8261054f-be78-422d-bd51-4ed9f33c3422",
                    "value": "9781473937703"
                },
                {
                    "identifierTypeId": "7e591197-f335-4afb-bc6d-a6d76ca3bace",
                    "value": "(DE-599)GBV1010770160"
                }
            ],
            "source": "DEDALUS",
            "title": "The city post-modernity",
            "publication": [
                {
                    "dateOfPublication": "2018",
                    "publisher": "SAGE",
                    "place": "Los AngelesLondonNew DelhiSingaporeWashington DCMelbourne"
                }
            ],
            "notes": [
                "Cities are sites of great wealth and poverty, of hope and despair, of social and economic dynamism, as well as tradition and established power. Social scientists and humanities scholars have over the past three decades generated an impressive range of perspectives for making sense of the vast complexities of cities. These perspectives tell both of the economic, social and political dynamism cities generate, and point to possible lines of future development. The four volumes, The City: Post-Modernity, will focus more exclusively on the contemporary city, looking at the subject through the lenses of globalization and post-colonialism, amongst others"
            ],
            "classifications": [],
            "statisticalCodeIds": [],
            "catalogedDate": "20180214103458.0",
            "electronicAccess": [],
            "alternativeTitles": [],
            "instanceFormatIds": [],
            "subjects": [
                "Stadt",
                "Postmoderne",
                "Aufsatzsammlung"
            ],
            "series": [
                "SAGE benchmarks in culture and society"
            ],
            "publicationRange": [],
            "instanceTypeId": "6312d172-f0cf-40f6-b27d-9fa8feaf332f",
            "modeOfIssuanceId": "9d18a02f-5897-4c31-9106-c9abb5c7ae8b",
            "hrid": "in00001498",
            "physicalDescriptions": [],
            "languages": [
                "eng"
            ],
            "publicationFrequency": [],
            "contributors": [
                {
                    "name": "Latham, Alan",
                    "contributorNameTypeId": "2b94c631-fca9-4892-a730-03ee529ffe2a"
                }
            ],
            "metadata": {
                "createdDate": "2019-06-07T14:20:18.344+0000",
                "updatedByUserId": "fe5c9c37-0142-4788-8a96-b12181fb27d4",
                "createdByUserId": "fe5c9c37-0142-4788-8a96-b12181fb27d4",
                "updatedDate": "2019-06-07T14:20:18.344+0000"
            },
            "editions": []
        },
        {
            "holdingsRecords2": [],
            "statusId": "52a2ff34-2a12-420d-8539-21aa8d3cf5d8",
            "id": "604BB5AA-892F-11E9-A925-ED19B3E9A33F",
            "sourceRecordFormat": "MARC-JSON",
            "identifiers": [
                {
                    "identifierTypeId": "5d164f4b-0b15-4e42-ae75-cfcf85318ad95d164f4b-0b15-4e42-ae75-cfcf85318ad95d164f4b-0b15-4e42-ae75-cfcf85318ad95d164f4b-0b15-4e42-ae75-cfcf85318ad9",
                    "value": "9780866989732086698973097808669855290866985522"
                },
                {
                    "identifierTypeId": "8261054f-be78-422d-bd51-4ed9f33c3422",
                    "value": "9780866989732"
                },
                {
                    "identifierTypeId": "8261054f-be78-422d-bd51-4ed9f33c3422",
                    "value": "0866989730"
                },
                {
                    "identifierTypeId": "8261054f-be78-422d-bd51-4ed9f33c3422",
                    "value": "9780866985529"
                },
                {
                    "identifierTypeId": "8261054f-be78-422d-bd51-4ed9f33c3422",
                    "value": "0866985522"
                },
                {
                    "identifierTypeId": "7e591197-f335-4afb-bc6d-a6d76ca3bace",
                    "value": "(OCoLC)962073864"
                },
                {
                    "identifierTypeId": "7e591197-f335-4afb-bc6d-a6d76ca3bace",
                    "value": "(OCoLC)ocn962073864"
                },
                {
                    "identifierTypeId": "7e591197-f335-4afb-bc6d-a6d76ca3bace",
                    "value": "(OCoLC)962073864"
                },
                {
                    "identifierTypeId": "7e591197-f335-4afb-bc6d-a6d76ca3bace",
                    "value": "(DE-599)GBV880391235"
                }
            ],
            "source": "DEDALUS",
            "title": "Anglo-Saxon manuscripts in microfiche facsimile",
            "publication": [
                {
                    "dateOfPublication": "2016",
                    "publisher": "ACMRS, Arizona Center for Medieval and Renaissance Studies",
                    "place": "Tempe, Arizona"
                }
            ],
            "notes": [
                "Titel und Angaben zu beteiligter Person vom Begleitheft",
                "In English with segments in Anglo-Saxon and Latin"
            ],
            "classifications": [],
            "statisticalCodeIds": [],
            "catalogedDate": "20180615233857.0",
            "electronicAccess": [],
            "alternativeTitles": [],
            "instanceFormatIds": [],
            "subjects": [],
            "series": [
                "Medieval and Renaissance Texts and Studiesvolume 497"
            ],
            "publicationRange": [],
            "instanceTypeId": "6312d172-f0cf-40f6-b27d-9fa8feaf332f",
            "modeOfIssuanceId": "9d18a02f-5897-4c31-9106-c9abb5c7ae8b",
            "hrid": "in00001499",
            "physicalDescriptions": [
                "69 Mikrofiches 1 Begleitbuch (XII, 167 Seiten)"
            ],
            "languages": [
                "eng"
            ],
            "publicationFrequency": [],
            "contributors": [
                {
                    "name": "Lucas, Peter J.",
                    "contributorNameTypeId": "2b94c631-fca9-4892-a730-03ee529ffe2a"
                },
                {
                    "name": "Arizona Center for Medieval and Renaissance Studies",
                    "contributorNameTypeId": "2e48e713-17f3-4c13-a9f8-23845bb210aa"
                }
            ],
            "metadata": {
                "createdDate": "2019-06-07T14:20:18.361+0000",
                "updatedByUserId": "fe5c9c37-0142-4788-8a96-b12181fb27d4",
                "createdByUserId": "fe5c9c37-0142-4788-8a96-b12181fb27d4",
                "updatedDate": "2019-06-07T14:20:18.361+0000"
            },
            "editions": []
        },
        {
            "holdingsRecords2": [],
            "statusId": "52a2ff34-2a12-420d-8539-21aa8d3cf5d8",
            "id": "65A98CAC-892F-11E9-8FB1-F219B3E9A33F",
            "sourceRecordFormat": "MARC-JSON",
            "identifiers": [
                {
                    "identifierTypeId": "7e591197-f335-4afb-bc6d-a6d76ca3bace",
                    "value": "(DE-599)GBV1011162431"
                }
            ],
            "source": "DEDALUS",
            "title": "Cantatas for bass",
            "publication": [],
            "notes": [],
            "classifications": [],
            "statisticalCodeIds": [],
            "catalogedDate": "20180118183625.0",
            "electronicAccess": [],
            "alternativeTitles": [
                {
                    "alternativeTitle": "Ich habe genung",
                    "alternativeTitleTypeId": "0fe58901-183e-4678-a3aa-0b4751174ba8"
                }
            ],
            "instanceFormatIds": [],
            "subjects": [],
            "series": [],
            "publicationRange": [],
            "instanceTypeId": "3be24c14-3551-4180-9292-26a786649c8b",
            "modeOfIssuanceId": "9d18a02f-5897-4c31-9106-c9abb5c7ae8b",
            "hrid": "in00001500",
            "physicalDescriptions": [
                "Track 10-14"
            ],
            "languages": [
                "ger"
            ],
            "publicationFrequency": [],
            "contributors": [
                {
                    "name": "Bach, Johann Sebastian",
                    "contributorNameTypeId": "2b94c631-fca9-4892-a730-03ee529ffe2a"
                },
                {
                    "name": "Arfken, Katharina",
                    "contributorNameTypeId": "2b94c631-fca9-4892-a730-03ee529ffe2a"
                },
                {
                    "name": "Goltz, Gottfried von der",
                    "contributorNameTypeId": "2b94c631-fca9-4892-a730-03ee529ffe2a"
                },
                {
                    "name": "Freiburger Barockorchester",
                    "contributorNameTypeId": "2e48e713-17f3-4c13-a9f8-23845bb210aa"
                }
            ],
            "metadata": {
                "createdDate": "2019-06-07T14:20:27.365+0000",
                "updatedByUserId": "fe5c9c37-0142-4788-8a96-b12181fb27d4",
                "createdByUserId": "fe5c9c37-0142-4788-8a96-b12181fb27d4",
                "updatedDate": "2019-06-07T14:20:27.365+0000"
            },
            "editions": []
        },
        {
            "holdingsRecords2": [],
            "statusId": "52a2ff34-2a12-420d-8539-21aa8d3cf5d8",
            "id": "65AD506C-892F-11E9-8FB1-F219B3E9A33F",
            "sourceRecordFormat": "MARC-JSON",
            "identifiers": [
                {
                    "identifierTypeId": "5d164f4b-0b15-4e42-ae75-cfcf85318ad9",
                    "value": "9781473937703"
                },
                {
                    "identifierTypeId": "8261054f-be78-422d-bd51-4ed9f33c3422",
                    "value": "9781473937703"
                },
                {
                    "identifierTypeId": "7e591197-f335-4afb-bc6d-a6d76ca3bace",
                    "value": "(DE-599)GBV1010770160"
                }
            ],
            "source": "DEDALUS",
            "title": "The city post-modernity",
            "publication": [
                {
                    "dateOfPublication": "2018",
                    "publisher": "SAGE",
                    "place": "Los AngelesLondonNew DelhiSingaporeWashington DCMelbourne"
                }
            ],
            "notes": [
                "Cities are sites of great wealth and poverty, of hope and despair, of social and economic dynamism, as well as tradition and established power. Social scientists and humanities scholars have over the past three decades generated an impressive range of perspectives for making sense of the vast complexities of cities. These perspectives tell both of the economic, social and political dynamism cities generate, and point to possible lines of future development. The four volumes, The City: Post-Modernity, will focus more exclusively on the contemporary city, looking at the subject through the lenses of globalization and post-colonialism, amongst others"
            ],
            "classifications": [],
            "statisticalCodeIds": [],
            "catalogedDate": "20180214103458.0",
            "electronicAccess": [],
            "alternativeTitles": [],
            "instanceFormatIds": [],
            "subjects": [
                "Stadt",
                "Postmoderne",
                "Aufsatzsammlung"
            ],
            "series": [
                "SAGE benchmarks in culture and society"
            ],
            "publicationRange": [],
            "instanceTypeId": "6312d172-f0cf-40f6-b27d-9fa8feaf332f",
            "modeOfIssuanceId": "9d18a02f-5897-4c31-9106-c9abb5c7ae8b",
            "hrid": "in00001501",
            "physicalDescriptions": [],
            "languages": [
                "eng"
            ],
            "publicationFrequency": [],
            "contributors": [
                {
                    "name": "Latham, Alan",
                    "contributorNameTypeId": "2b94c631-fca9-4892-a730-03ee529ffe2a"
                }
            ],
            "metadata": {
                "createdDate": "2019-06-07T14:20:27.389+0000",
                "updatedByUserId": "fe5c9c37-0142-4788-8a96-b12181fb27d4",
                "createdByUserId": "fe5c9c37-0142-4788-8a96-b12181fb27d4",
                "updatedDate": "2019-06-07T14:20:27.389+0000"
            },
            "editions": []
        },
        {
            "holdingsRecords2": [],
            "statusId": "52a2ff34-2a12-420d-8539-21aa8d3cf5d8",
            "id": "65AFD238-892F-11E9-8FB1-F219B3E9A33F",
            "sourceRecordFormat": "MARC-JSON",
            "identifiers": [
                {
                    "identifierTypeId": "5d164f4b-0b15-4e42-ae75-cfcf85318ad95d164f4b-0b15-4e42-ae75-cfcf85318ad95d164f4b-0b15-4e42-ae75-cfcf85318ad95d164f4b-0b15-4e42-ae75-cfcf85318ad9",
                    "value": "9780866989732086698973097808669855290866985522"
                },
                {
                    "identifierTypeId": "8261054f-be78-422d-bd51-4ed9f33c3422",
                    "value": "9780866989732"
                },
                {
                    "identifierTypeId": "8261054f-be78-422d-bd51-4ed9f33c3422",
                    "value": "0866989730"
                },
                {
                    "identifierTypeId": "8261054f-be78-422d-bd51-4ed9f33c3422",
                    "value": "9780866985529"
                },
                {
                    "identifierTypeId": "8261054f-be78-422d-bd51-4ed9f33c3422",
                    "value": "0866985522"
                },
                {
                    "identifierTypeId": "7e591197-f335-4afb-bc6d-a6d76ca3bace",
                    "value": "(OCoLC)962073864"
                },
                {
                    "identifierTypeId": "7e591197-f335-4afb-bc6d-a6d76ca3bace",
                    "value": "(OCoLC)ocn962073864"
                },
                {
                    "identifierTypeId": "7e591197-f335-4afb-bc6d-a6d76ca3bace",
                    "value": "(OCoLC)962073864"
                },
                {
                    "identifierTypeId": "7e591197-f335-4afb-bc6d-a6d76ca3bace",
                    "value": "(DE-599)GBV880391235"
                }
            ],
            "source": "DEDALUS",
            "title": "Anglo-Saxon manuscripts in microfiche facsimile",
            "publication": [
                {
                    "dateOfPublication": "2016",
                    "publisher": "ACMRS, Arizona Center for Medieval and Renaissance Studies",
                    "place": "Tempe, Arizona"
                }
            ],
            "notes": [
                "Titel und Angaben zu beteiligter Person vom Begleitheft",
                "In English with segments in Anglo-Saxon and Latin"
            ],
            "classifications": [],
            "statisticalCodeIds": [],
            "catalogedDate": "20180615233857.0",
            "electronicAccess": [],
            "alternativeTitles": [],
            "instanceFormatIds": [],
            "subjects": [],
            "series": [
                "Medieval and Renaissance Texts and Studiesvolume 497"
            ],
            "publicationRange": [],
            "instanceTypeId": "6312d172-f0cf-40f6-b27d-9fa8feaf332f",
            "modeOfIssuanceId": "9d18a02f-5897-4c31-9106-c9abb5c7ae8b",
            "hrid": "in00001502",
            "physicalDescriptions": [
                "69 Mikrofiches 1 Begleitbuch (XII, 167 Seiten)"
            ],
            "languages": [
                "eng"
            ],
            "publicationFrequency": [],
            "contributors": [
                {
                    "name": "Lucas, Peter J.",
                    "contributorNameTypeId": "2b94c631-fca9-4892-a730-03ee529ffe2a"
                },
                {
                    "name": "Arizona Center for Medieval and Renaissance Studies",
                    "contributorNameTypeId": "2e48e713-17f3-4c13-a9f8-23845bb210aa"
                }
            ],
            "metadata": {
                "createdDate": "2019-06-07T14:20:27.406+0000",
                "updatedByUserId": "fe5c9c37-0142-4788-8a96-b12181fb27d4",
                "createdByUserId": "fe5c9c37-0142-4788-8a96-b12181fb27d4",
                "updatedDate": "2019-06-07T14:20:27.406+0000"
            },
            "editions": []
        },
        {
            "holdingsRecords2": [],
            "statusId": "52a2ff34-2a12-420d-8539-21aa8d3cf5d8",
            "id": "CC95A3A6-892F-11E9-9797-211AB3E9A33F",
            "sourceRecordFormat": "MARC-JSON",
            "identifiers": [
                {
                    "identifierTypeId": "7e591197-f335-4afb-bc6d-a6d76ca3bace",
                    "value": "(DE-599)GBV1011162431"
                }
            ],
            "source": "DEDALUS",
            "title": "Cantatas for bass",
            "publication": [],
            "notes": [],
            "classifications": [],
            "statisticalCodeIds": [],
            "catalogedDate": "20180118183625.0",
            "electronicAccess": [],
            "alternativeTitles": [
                {
                    "alternativeTitle": "Ich habe genung",
                    "alternativeTitleTypeId": "0fe58901-183e-4678-a3aa-0b4751174ba8"
                }
            ],
            "instanceFormatIds": [],
            "subjects": [],
            "series": [],
            "publicationRange": [],
            "instanceTypeId": "3be24c14-3551-4180-9292-26a786649c8b",
            "modeOfIssuanceId": "9d18a02f-5897-4c31-9106-c9abb5c7ae8b",
            "hrid": "in00001503",
            "physicalDescriptions": [
                "Track 10-14"
            ],
            "languages": [
                "ger"
            ],
            "publicationFrequency": [],
            "contributors": [
                {
                    "name": "Bach, Johann Sebastian",
                    "contributorNameTypeId": "2b94c631-fca9-4892-a730-03ee529ffe2a"
                },
                {
                    "name": "Arfken, Katharina",
                    "contributorNameTypeId": "2b94c631-fca9-4892-a730-03ee529ffe2a"
                },
                {
                    "name": "Goltz, Gottfried von der",
                    "contributorNameTypeId": "2b94c631-fca9-4892-a730-03ee529ffe2a"
                },
                {
                    "name": "Freiburger Barockorchester",
                    "contributorNameTypeId": "2e48e713-17f3-4c13-a9f8-23845bb210aa"
                }
            ],
            "metadata": {
                "createdDate": "2019-06-07T14:23:20.040+0000",
                "updatedByUserId": "fe5c9c37-0142-4788-8a96-b12181fb27d4",
                "createdByUserId": "fe5c9c37-0142-4788-8a96-b12181fb27d4",
                "updatedDate": "2019-06-07T14:23:20.040+0000"
            },
            "editions": []
        },
        {
            "holdingsRecords2": [],
            "statusId": "52a2ff34-2a12-420d-8539-21aa8d3cf5d8",
            "id": "CC9A5888-892F-11E9-9797-211AB3E9A33F",
            "sourceRecordFormat": "MARC-JSON",
            "identifiers": [
                {
                    "identifierTypeId": "5d164f4b-0b15-4e42-ae75-cfcf85318ad9",
                    "value": "9781473937703"
                },
                {
                    "identifierTypeId": "8261054f-be78-422d-bd51-4ed9f33c3422",
                    "value": "9781473937703"
                },
                {
                    "identifierTypeId": "7e591197-f335-4afb-bc6d-a6d76ca3bace",
                    "value": "(DE-599)GBV1010770160"
                }
            ],
            "source": "DEDALUS",
            "title": "The city post-modernity",
            "publication": [
                {
                    "dateOfPublication": "2018",
                    "publisher": "SAGE",
                    "place": "Los AngelesLondonNew DelhiSingaporeWashington DCMelbourne"
                }
            ],
            "notes": [
                "Cities are sites of great wealth and poverty, of hope and despair, of social and economic dynamism, as well as tradition and established power. Social scientists and humanities scholars have over the past three decades generated an impressive range of perspectives for making sense of the vast complexities of cities. These perspectives tell both of the economic, social and political dynamism cities generate, and point to possible lines of future development. The four volumes, The City: Post-Modernity, will focus more exclusively on the contemporary city, looking at the subject through the lenses of globalization and post-colonialism, amongst others"
            ],
            "classifications": [],
            "statisticalCodeIds": [],
            "catalogedDate": "20180214103458.0",
            "electronicAccess": [],
            "alternativeTitles": [],
            "instanceFormatIds": [],
            "subjects": [
                "Stadt",
                "Postmoderne",
                "Aufsatzsammlung"
            ],
            "series": [
                "SAGE benchmarks in culture and society"
            ],
            "publicationRange": [],
            "instanceTypeId": "6312d172-f0cf-40f6-b27d-9fa8feaf332f",
            "modeOfIssuanceId": "9d18a02f-5897-4c31-9106-c9abb5c7ae8b",
            "hrid": "in00001504",
            "physicalDescriptions": [],
            "languages": [
                "eng"
            ],
            "publicationFrequency": [],
            "contributors": [
                {
                    "name": "Latham, Alan",
                    "contributorNameTypeId": "2b94c631-fca9-4892-a730-03ee529ffe2a"
                }
            ],
            "metadata": {
                "createdDate": "2019-06-07T14:23:20.070+0000",
                "updatedByUserId": "fe5c9c37-0142-4788-8a96-b12181fb27d4",
                "createdByUserId": "fe5c9c37-0142-4788-8a96-b12181fb27d4",
                "updatedDate": "2019-06-07T14:23:20.070+0000"
            },
            "editions": []
        },
        {
            "holdingsRecords2": [],
            "statusId": "52a2ff34-2a12-420d-8539-21aa8d3cf5d8",
            "id": "CC9CF660-892F-11E9-9797-211AB3E9A33F",
            "sourceRecordFormat": "MARC-JSON",
            "identifiers": [
                {
                    "identifierTypeId": "5d164f4b-0b15-4e42-ae75-cfcf85318ad95d164f4b-0b15-4e42-ae75-cfcf85318ad95d164f4b-0b15-4e42-ae75-cfcf85318ad95d164f4b-0b15-4e42-ae75-cfcf85318ad9",
                    "value": "9780866989732086698973097808669855290866985522"
                },
                {
                    "identifierTypeId": "8261054f-be78-422d-bd51-4ed9f33c3422",
                    "value": "9780866989732"
                },
                {
                    "identifierTypeId": "8261054f-be78-422d-bd51-4ed9f33c3422",
                    "value": "0866989730"
                },
                {
                    "identifierTypeId": "8261054f-be78-422d-bd51-4ed9f33c3422",
                    "value": "9780866985529"
                },
                {
                    "identifierTypeId": "8261054f-be78-422d-bd51-4ed9f33c3422",
                    "value": "0866985522"
                },
                {
                    "identifierTypeId": "7e591197-f335-4afb-bc6d-a6d76ca3bace",
                    "value": "(OCoLC)962073864"
                },
                {
                    "identifierTypeId": "7e591197-f335-4afb-bc6d-a6d76ca3bace",
                    "value": "(OCoLC)ocn962073864"
                },
                {
                    "identifierTypeId": "7e591197-f335-4afb-bc6d-a6d76ca3bace",
                    "value": "(OCoLC)962073864"
                },
                {
                    "identifierTypeId": "7e591197-f335-4afb-bc6d-a6d76ca3bace",
                    "value": "(DE-599)GBV880391235"
                }
            ],
            "source": "DEDALUS",
            "title": "Anglo-Saxon manuscripts in microfiche facsimile",
            "publication": [
                {
                    "dateOfPublication": "2016",
                    "publisher": "ACMRS, Arizona Center for Medieval and Renaissance Studies",
                    "place": "Tempe, Arizona"
                }
            ],
            "notes": [
                "Titel und Angaben zu beteiligter Person vom Begleitheft",
                "In English with segments in Anglo-Saxon and Latin"
            ],
            "classifications": [],
            "statisticalCodeIds": [],
            "catalogedDate": "20180615233857.0",
            "electronicAccess": [],
            "alternativeTitles": [],
            "instanceFormatIds": [],
            "subjects": [],
            "series": [
                "Medieval and Renaissance Texts and Studiesvolume 497"
            ],
            "publicationRange": [],
            "instanceTypeId": "6312d172-f0cf-40f6-b27d-9fa8feaf332f",
            "modeOfIssuanceId": "9d18a02f-5897-4c31-9106-c9abb5c7ae8b",
            "hrid": "in00001505",
            "physicalDescriptions": [
                "69 Mikrofiches 1 Begleitbuch (XII, 167 Seiten)"
            ],
            "languages": [
                "eng"
            ],
            "publicationFrequency": [],
            "contributors": [
                {
                    "name": "Lucas, Peter J.",
                    "contributorNameTypeId": "2b94c631-fca9-4892-a730-03ee529ffe2a"
                },
                {
                    "name": "Arizona Center for Medieval and Renaissance Studies",
                    "contributorNameTypeId": "2e48e713-17f3-4c13-a9f8-23845bb210aa"
                }
            ],
            "metadata": {
                "createdDate": "2019-06-07T14:23:20.089+0000",
                "updatedByUserId": "fe5c9c37-0142-4788-8a96-b12181fb27d4",
                "createdByUserId": "fe5c9c37-0142-4788-8a96-b12181fb27d4",
                "updatedDate": "2019-06-07T14:23:20.089+0000"
            },
            "editions": []
        },
        {
            "holdingsRecords2": [],
            "statusId": "52a2ff34-2a12-420d-8539-21aa8d3cf5d8",
            "id": "CCA06CAA-892F-11E9-9797-211AB3E9A33F",
            "sourceRecordFormat": "MARC-JSON",
            "identifiers": [
                {
                    "identifierTypeId": "7e591197-f335-4afb-bc6d-a6d76ca3bace",
                    "value": "(DE-599)GBV727867881"
                }
            ],
            "source": "DEDALUS",
            "title": "DC Motor Control Experiment for introduction to control systems",
            "publication": [
                {
                    "dateOfPublication": "[2016]",
                    "publisher": "Techn. Univ., Inst. fuur Regelungstechnik",
                    "place": "Hamburg"
                }
            ],
            "notes": [],
            "classifications": [],
            "statisticalCodeIds": [],
            "catalogedDate": "20170207141811.0",
            "electronicAccess": [],
            "alternativeTitles": [],
            "instanceFormatIds": [],
            "subjects": [],
            "series": [],
            "publicationRange": [],
            "instanceTypeId": "6312d172-f0cf-40f6-b27d-9fa8feaf332f",
            "modeOfIssuanceId": "9d18a02f-5897-4c31-9106-c9abb5c7ae8b",
            "hrid": "in00001506",
            "physicalDescriptions": [
                "1 Koffer (Inhalt: 1 Motor mit Platine auf Plattform, 1 Netzteil, 1 USB-Kabel)"
            ],
            "languages": [
                "ger"
            ],
            "publicationFrequency": [],
            "contributors": [
                {
                    "name": "Werner, Herbert",
                    "contributorNameTypeId": "2b94c631-fca9-4892-a730-03ee529ffe2a"
                },
                {
                    "name": "Technische Universituat Hamburg-Harburg",
                    "contributorNameTypeId": "2e48e713-17f3-4c13-a9f8-23845bb210aa"
                }
            ],
            "metadata": {
                "createdDate": "2019-06-07T14:23:20.112+0000",
                "updatedByUserId": "fe5c9c37-0142-4788-8a96-b12181fb27d4",
                "createdByUserId": "fe5c9c37-0142-4788-8a96-b12181fb27d4",
                "updatedDate": "2019-06-07T14:23:20.112+0000"
            },
            "editions": []
        },
        {
            "holdingsRecords2": [],
            "statusId": "52a2ff34-2a12-420d-8539-21aa8d3cf5d8",
            "id": "CCA3B234-892F-11E9-9797-211AB3E9A33F",
            "sourceRecordFormat": "MARC-JSON",
            "identifiers": [
                {
                    "identifierTypeId": "5d164f4b-0b15-4e42-ae75-cfcf85318ad9",
                    "value": "9781450351430"
                },
                {
                    "identifierTypeId": "8261054f-be78-422d-bd51-4ed9f33c3422",
                    "value": "9781450351430"
                },
                {
                    "identifierTypeId": "7e591197-f335-4afb-bc6d-a6d76ca3bace",
                    "value": "(DE-599)GBV1011273942"
                }
            ],
            "source": "DEDALUS",
            "title": "MobiCom'17",
            "publication": [],
            "notes": [],
            "classifications": [],
            "statisticalCodeIds": [],
            "catalogedDate": "20180122150003.0",
            "electronicAccess": [],
            "alternativeTitles": [],
            "instanceFormatIds": [],
            "subjects": [],
            "series": [],
            "publicationRange": [],
            "instanceTypeId": "6312d172-f0cf-40f6-b27d-9fa8feaf332f",
            "modeOfIssuanceId": "9d18a02f-5897-4c31-9106-c9abb5c7ae8b",
            "hrid": "in00001507",
            "physicalDescriptions": [],
            "languages": [
                "eng"
            ],
            "publicationFrequency": [],
            "contributors": [
                {
                    "name": "ACM Workshop on Millimeter Wave Networks and Sensing Systems",
                    "contributorNameTypeId": "2e48e713-17f3-4c13-a9f8-23845bb210aa"
                },
                {
                    "name": "Hassanieh, Haitham",
                    "contributorNameTypeId": "2b94c631-fca9-4892-a730-03ee529ffe2a"
                },
                {
                    "name": "Zhang, Xinyu",
                    "contributorNameTypeId": "2b94c631-fca9-4892-a730-03ee529ffe2a"
                },
                {
                    "name": "MobiCom",
                    "contributorNameTypeId": "2e48e713-17f3-4c13-a9f8-23845bb210aa"
                },
                {
                    "name": "Association for Computing Machinery",
                    "contributorNameTypeId": "2e48e713-17f3-4c13-a9f8-23845bb210aa"
                },
                {
                    "name": "ACM Workshop on Millimeter Wave Networks and Sensing Systems",
                    "contributorNameTypeId": "e8b311a6-3b21-43f2-a269-dd9310cb2d0a"
                },
                {
                    "name": "mmNets",
                    "contributorNameTypeId": "e8b311a6-3b21-43f2-a269-dd9310cb2d0a"
                },
                {
                    "name": "Annual International Conference on Mobile Computing and Networking (ACM MobiCom)",
                    "contributorNameTypeId": "e8b311a6-3b21-43f2-a269-dd9310cb2d0a"
                }
            ],
            "metadata": {
                "createdDate": "2019-06-07T14:23:20.131+0000",
                "updatedByUserId": "fe5c9c37-0142-4788-8a96-b12181fb27d4",
                "createdByUserId": "fe5c9c37-0142-4788-8a96-b12181fb27d4",
                "updatedDate": "2019-06-07T14:23:20.131+0000"
            },
            "editions": []
        },
        {
            "holdingsRecords2": [],
            "statusId": "52a2ff34-2a12-420d-8539-21aa8d3cf5d8",
            "id": "CCA62118-892F-11E9-9797-211AB3E9A33F",
            "sourceRecordFormat": "MARC-JSON",
            "identifiers": [
                {
                    "identifierTypeId": "7e591197-f335-4afb-bc6d-a6d76ca3bace",
                    "value": "(DE-599)GBV53957015X"
                }
            ],
            "source": "DEDALUS",
            "title": "The Neurotic Heroine in Tennessee Williams",
            "publication": [
                {
                    "dateOfPublication": "1955",
                    "publisher": "Columbia University",
                    "place": "New York"
                }
            ],
            "notes": [
                "Mikrofilm-Ausg."
            ],
            "classifications": [],
            "statisticalCodeIds": [],
            "catalogedDate": "20070817075301.0",
            "electronicAccess": [],
            "alternativeTitles": [],
            "instanceFormatIds": [],
            "subjects": [],
            "series": [],
            "publicationRange": [],
            "instanceTypeId": "6312d172-f0cf-40f6-b27d-9fa8feaf332f",
            "modeOfIssuanceId": "9d18a02f-5897-4c31-9106-c9abb5c7ae8b",
            "hrid": "in00001508",
            "physicalDescriptions": [
                "1 Mikrofilm 26-34 S."
            ],
            "languages": [
                "eng"
            ],
            "publicationFrequency": [],
            "contributors": [
                {
                    "name": "Stavrou, C.N.",
                    "contributorNameTypeId": "2b94c631-fca9-4892-a730-03ee529ffe2a"
                }
            ],
            "metadata": {
                "createdDate": "2019-06-07T14:23:20.149+0000",
                "updatedByUserId": "fe5c9c37-0142-4788-8a96-b12181fb27d4",
                "createdByUserId": "fe5c9c37-0142-4788-8a96-b12181fb27d4",
                "updatedDate": "2019-06-07T14:23:20.149+0000"
            },
            "editions": []
        },
        {
            "holdingsRecords2": [],
            "statusId": "52a2ff34-2a12-420d-8539-21aa8d3cf5d8",
            "id": "CCA8C850-892F-11E9-9797-211AB3E9A33F",
            "sourceRecordFormat": "MARC-JSON",
            "identifiers": [
                {
                    "identifierTypeId": "7e591197-f335-4afb-bc6d-a6d76ca3bace",
                    "value": "(DE-599)GBV1008673218"
                }
            ],
            "source": "DEDALUS",
            "title": "Concepts of fashion 1921 - 1987 a study of garments worn by selected winners of the Miss America Pageant",
            "publication": [
                {
                    "dateOfPublication": "1993",
                    "publisher": "University Microfims International",
                    "place": "Ann Arbor, MI"
                }
            ],
            "notes": [
                "Mikrofiche-Ausgabe"
            ],
            "classifications": [],
            "statisticalCodeIds": [],
            "catalogedDate": "20180615212835.0",
            "electronicAccess": [],
            "alternativeTitles": [],
            "instanceFormatIds": [],
            "subjects": [
                "Hochschulschrift"
            ],
            "series": [],
            "publicationRange": [],
            "instanceTypeId": "6312d172-f0cf-40f6-b27d-9fa8feaf332f",
            "modeOfIssuanceId": "9d18a02f-5897-4c31-9106-c9abb5c7ae8b",
            "hrid": "in00001509",
            "physicalDescriptions": [],
            "languages": [
                "eng"
            ],
            "publicationFrequency": [],
            "contributors": [
                {
                    "name": "Matwiejczyk-Montgomery, Marian Ann J.",
                    "contributorNameTypeId": "2b94c631-fca9-4892-a730-03ee529ffe2a"
                }
            ],
            "metadata": {
                "createdDate": "2019-06-07T14:23:20.164+0000",
                "updatedByUserId": "fe5c9c37-0142-4788-8a96-b12181fb27d4",
                "createdByUserId": "fe5c9c37-0142-4788-8a96-b12181fb27d4",
                "updatedDate": "2019-06-07T14:23:20.164+0000"
            },
            "editions": []
        },
        {
            "holdingsRecords2": [],
            "statusId": "52a2ff34-2a12-420d-8539-21aa8d3cf5d8",
            "id": "CCAB3FFE-892F-11E9-9797-211AB3E9A33F",
            "sourceRecordFormat": "MARC-JSON",
            "identifiers": [
                {
                    "identifierTypeId": "7e591197-f335-4afb-bc6d-a6d76ca3bace",
                    "value": "(DE-599)GBV1011184508"
                }
            ],
            "source": "DEDALUS",
            "title": "On the signature of complex system a decomposed approach",
            "publication": [],
            "notes": [],
            "classifications": [],
            "statisticalCodeIds": [],
            "catalogedDate": "20180301091013.0",
            "electronicAccess": [],
            "alternativeTitles": [],
            "instanceFormatIds": [],
            "subjects": [],
            "series": [],
            "publicationRange": [],
            "instanceTypeId": "6312d172-f0cf-40f6-b27d-9fa8feaf332f",
            "modeOfIssuanceId": "9d18a02f-5897-4c31-9106-c9abb5c7ae8b",
            "hrid": "in00001510",
            "physicalDescriptions": [],
            "languages": [
                "eng"
            ],
            "publicationFrequency": [],
            "contributors": [
                {
                    "name": "Da, Gaofeng",
                    "contributorNameTypeId": "2b94c631-fca9-4892-a730-03ee529ffe2a"
                },
                {
                    "name": "Chan, Ping Shing",
                    "contributorNameTypeId": "2b94c631-fca9-4892-a730-03ee529ffe2a"
                },
                {
                    "name": "Xu, Maochao",
                    "contributorNameTypeId": "2b94c631-fca9-4892-a730-03ee529ffe2a"
                }
            ],
            "metadata": {
                "createdDate": "2019-06-07T14:23:20.180+0000",
                "updatedByUserId": "fe5c9c37-0142-4788-8a96-b12181fb27d4",
                "createdByUserId": "fe5c9c37-0142-4788-8a96-b12181fb27d4",
                "updatedDate": "2019-06-07T14:23:20.180+0000"
            },
            "editions": []
        },
        {
            "holdingsRecords2": [],
            "statusId": "52a2ff34-2a12-420d-8539-21aa8d3cf5d8",
            "id": "CCAD924A-892F-11E9-9797-211AB3E9A33F",
            "sourceRecordFormat": "MARC-JSON",
            "identifiers": [
                {
                    "identifierTypeId": "7e591197-f335-4afb-bc6d-a6d76ca3bace",
                    "value": "(DE-599)GBV858092093"
                }
            ],
            "source": "DEDALUS",
            "title": "The chess players mating guide",
            "publication": [
                {
                    "dateOfPublication": "[2016]-",
                    "publisher": "Chessbase GmbH",
                    "place": "Hamburg"
                }
            ],
            "notes": [],
            "classifications": [],
            "statisticalCodeIds": [],
            "catalogedDate": "20160502164752.0",
            "electronicAccess": [],
            "alternativeTitles": [],
            "instanceFormatIds": [],
            "subjects": [
                "DVD-ROM"
            ],
            "series": [
                "FritztrainerTactics"
            ],
            "publicationRange": [],
            "instanceTypeId": "c208544b-9e28-44fa-a13c-f4093d72f798",
            "modeOfIssuanceId": "9d18a02f-5897-4c31-9106-c9abb5c7ae8b",
            "hrid": "in00001511",
            "physicalDescriptions": [],
            "languages": [
                "eng"
            ],
            "publicationFrequency": [],
            "contributors": [
                {
                    "name": "Ris, Robert",
                    "contributorNameTypeId": "2b94c631-fca9-4892-a730-03ee529ffe2a"
                },
                {
                    "name": "ChessBase GmbH",
                    "contributorNameTypeId": "2e48e713-17f3-4c13-a9f8-23845bb210aa"
                }
            ],
            "metadata": {
                "createdDate": "2019-06-07T14:23:20.195+0000",
                "updatedByUserId": "fe5c9c37-0142-4788-8a96-b12181fb27d4",
                "createdByUserId": "fe5c9c37-0142-4788-8a96-b12181fb27d4",
                "updatedDate": "2019-06-07T14:23:20.195+0000"
            },
            "editions": []
        },
        {
            "holdingsRecords2": [],
            "statusId": "52a2ff34-2a12-420d-8539-21aa8d3cf5d8",
            "id": "CCAFD226-892F-11E9-9797-211AB3E9A33F",
            "sourceRecordFormat": "MARC-JSON",
            "identifiers": [
                {
                    "identifierTypeId": "5d164f4b-0b15-4e42-ae75-cfcf85318ad9",
                    "value": "9789279164316"
                },
                {
                    "identifierTypeId": "8261054f-be78-422d-bd51-4ed9f33c3422",
                    "value": "9789279164316"
                },
                {
                    "identifierTypeId": "7e591197-f335-4afb-bc6d-a6d76ca3bace",
                    "value": "(DE-599)GBV643935371"
                }
            ],
            "source": "DEDALUS",
            "title": "A journey through Europe high-speed lines",
            "publication": [],
            "notes": [],
            "classifications": [],
            "statisticalCodeIds": [],
            "catalogedDate": "20160520072526.0",
            "electronicAccess": [],
            "alternativeTitles": [],
            "instanceFormatIds": [],
            "subjects": [
                "Europuaische Union",
                "Hochgeschwindigkeitszug",
                "Verkehrsnetz",
                "Hochgeschwindigkeitsverkehr",
                "Schienenverkehr",
                "EU-Verkehrspolitik",
                "EU-Staaten"
            ],
            "series": [],
            "publicationRange": [],
            "instanceTypeId": "6312d172-f0cf-40f6-b27d-9fa8feaf332f",
            "modeOfIssuanceId": "9d18a02f-5897-4c31-9106-c9abb5c7ae8b",
            "hrid": "in00001512",
            "physicalDescriptions": [
                "1 DVD-Video (14 Min.) farb. 12 cm"
            ],
            "languages": [
                "ger"
            ],
            "publicationFrequency": [],
            "contributors": [
                {
                    "name": "Europuaische Kommission",
                    "contributorNameTypeId": "2e48e713-17f3-4c13-a9f8-23845bb210aa"
                }
            ],
            "metadata": {
                "createdDate": "2019-06-07T14:23:20.211+0000",
                "updatedByUserId": "fe5c9c37-0142-4788-8a96-b12181fb27d4",
                "createdByUserId": "fe5c9c37-0142-4788-8a96-b12181fb27d4",
                "updatedDate": "2019-06-07T14:23:20.211+0000"
            },
            "editions": []
        },
        {
            "holdingsRecords2": [],
            "statusId": "52a2ff34-2a12-420d-8539-21aa8d3cf5d8",
            "id": "CCB23CD2-892F-11E9-9797-211AB3E9A33F",
            "sourceRecordFormat": "MARC-JSON",
            "identifiers": [
                {
                    "identifierTypeId": "5d164f4b-0b15-4e42-ae75-cfcf85318ad95d164f4b-0b15-4e42-ae75-cfcf85318ad95d164f4b-0b15-4e42-ae75-cfcf85318ad9",
                    "value": "331964399197833196439919783319644004 (electronic)"
                },
                {
                    "identifierTypeId": "8261054f-be78-422d-bd51-4ed9f33c3422",
                    "value": "3319643991"
                },
                {
                    "identifierTypeId": "8261054f-be78-422d-bd51-4ed9f33c3422",
                    "value": "9783319643991"
                },
                {
                    "identifierTypeId": "8261054f-be78-422d-bd51-4ed9f33c3422",
                    "value": "9783319644004 (electronic)"
                },
                {
                    "identifierTypeId": "7e591197-f335-4afb-bc6d-a6d76ca3bace",
                    "value": "(OCoLC)ocn992783736"
                },
                {
                    "identifierTypeId": "7e591197-f335-4afb-bc6d-a6d76ca3bace",
                    "value": "(OCoLC)992783736"
                },
                {
                    "identifierTypeId": "7e591197-f335-4afb-bc6d-a6d76ca3bace",
                    "value": "(DE-599)GBV101073931X"
                }
            ],
            "source": "DEDALUS",
            "title": "Futures, biometrics and neuroscience research",
            "publication": [
                {
                    "dateOfPublication": "[2018]",
                    "publisher": "Palgrave Macmillan",
                    "place": "Cham"
                }
            ],
            "notes": [
                "Enthualt 9 Beitruage"
            ],
            "classifications": [],
            "statisticalCodeIds": [],
            "catalogedDate": "20180416162657.0",
            "electronicAccess": [],
            "alternativeTitles": [],
            "instanceFormatIds": [],
            "subjects": [
                "Betriebswirtschaftslehre",
                "Management",
                "Wissenschaftliche Methode"
            ],
            "series": [
                "Innovative research methodologies in management / Luiz Moutinho, Mladen Sokele ; Volume 2"
            ],
            "publicationRange": [],
            "instanceTypeId": "6312d172-f0cf-40f6-b27d-9fa8feaf332f",
            "modeOfIssuanceId": "9d18a02f-5897-4c31-9106-c9abb5c7ae8b",
            "hrid": "in00001513",
            "physicalDescriptions": [
                "xxix, 224 Seiten Illustrationen"
            ],
            "languages": [
                "eng"
            ],
            "publicationFrequency": [],
            "contributors": [
                {
                    "name": "Moutinho, Luiz",
                    "contributorNameTypeId": "2b94c631-fca9-4892-a730-03ee529ffe2a"
                },
                {
                    "name": "Sokele, Mladen",
                    "contributorNameTypeId": "2b94c631-fca9-4892-a730-03ee529ffe2a"
                }
            ],
            "metadata": {
                "createdDate": "2019-06-07T14:23:20.226+0000",
                "updatedByUserId": "fe5c9c37-0142-4788-8a96-b12181fb27d4",
                "createdByUserId": "fe5c9c37-0142-4788-8a96-b12181fb27d4",
                "updatedDate": "2019-06-07T14:23:20.226+0000"
            },
            "editions": []
        }
    ]
}