{"id":"folio-01",        
"recordtype":"JSON_FOLIO-OKAPI",
"institution":["IBICT2"],
"collection":["Folio"],
"language":["Portuguese"],
"format":["Article-JSON"],
"topic":["Artigos"],
"topic_facet":["Artigos"],
"description":"teste json",
"author2":["Autor Folio 1",
"Autor Folio 2"],
"author":["Autor Folio Principal"],
"author_sort":"Brandão Catarina",
"title":"O desempenho individual de gestores intermédios da administração pública portuguesa",
"title_short":"O desempenho individual de gestores intermédios da administração pública portuguesa",
"title_full":"O desempenho individual de gestores intermédios da administração pública portuguesa",
"title_fullStr":"O desempenho individual de gestores intermédios da administração pública portuguesa",
"title_full_unstemmed":"O desempenho individual de gestores intermédios da administração pública portuguesa",
"title_sort":"o desempenho individual de gestores intermédios da administração pública portuguesa",
"title_alt":[""],
"publisher":["Escola FOLIO"],
"publishDate":["2012"],
"url":["https://revista.enap.gov.br/index.php/RSP/article/view/100/96"]
}