{
  "id" : "C08C63AA-65AE-11E9-AAC1-E4282932210E",
  "hrid" : "in00002588",
  "source" : "DEDALUS",
  "title" : "Perfil dos principais atores envolvidos no trabalho escravo rural no Brasil /",
  "alternativeTitles" : [ ],
  "editions" : [ "2. ed." ],
  "series" : [ ],
  "identifiers" : [ {
	"value" : "9789228254938",
	"identifierTypeId" : "8261054f-be78-422d-bd51-4ed9f33c3422"
  }, {
	"value" : "9789228254945",
	"identifierTypeId" : "8261054f-be78-422d-bd51-4ed9f33c3422"
  } ],
  "contributors" : [ ],
  "subjects" : [ "Políticas Sociais", "Escravidão", "Desenvolvimento rural" ],
  "classifications" : [ ],
  "publication" : [ {
	"publisher" : "OIT,",
	"place" : "Brasília :",
	"dateOfPublication" : "2011."
  } ],
  "publicationFrequency" : [ ],
  "publicationRange" : [ ],
  "electronicAccess" : [ ],
  "instanceTypeId" : "6312d172-f0cf-40f6-b27d-9fa8feaf332f",
  "instanceFormatIds" : [ ],
  "physicalDescriptions" : [ "176 p." ],
  "languages" : [ "por" ],
  "notes" : [ ],
  "modeOfIssuanceId" : "9d18a02f-5897-4c31-9106-c9abb5c7ae8b",
  "catalogedDate" : "20181001120501.0",
  "statisticalCodeIds" : [ ],
  "sourceRecordFormat" : "MARC-JSON",
  "statusId" : "52a2ff34-2a12-420d-8539-21aa8d3cf5d8",
  "metadata" : {
	"createdDate" : "2019-04-23T10:01:24.069+0000",
	"createdByUserId" : "47c75435-e168-467a-a564-b926c2cce858",
	"updatedDate" : "2019-04-23T10:01:24.069+0000",
	"updatedByUserId" : "47c75435-e168-467a-a564-b926c2cce858"
  }
}
