{
  "id" : "BD16C904-65AE-11E9-B3CD-8FC445075897",
  "hrid" : "in00002183",
  "source" : "DEDALUS",
  "title" : "Mari yé bo´eshé : textos selecionados, ação educativa Séculos Indígenas no Brasil /",
  "alternativeTitles" : [ ],
  "editions" : [ "2 ed." ],
  "series" : [ "Projeto memórias." ],
  "identifiers" : [ {
    "value" : "97885987570559788598757056",
    "identifierTypeId" : "5d164f4b-0b15-4e42-ae75-cfcf85318ad95d164f4b-0b15-4e42-ae75-cfcf85318ad9"
  }, {
    "value" : "9788598757055",
    "identifierTypeId" : "8261054f-be78-422d-bd51-4ed9f33c3422"
  }, {
    "value" : "9788598757056",
    "identifierTypeId" : "8261054f-be78-422d-bd51-4ed9f33c3422"
  } ],
  "contributors" : [ {
	"name" : "Coe, Frank Azevedo",
	"contributorNameTypeId" : "2b94c631-fca9-4892-a730-03ee529ffe2a"
  }, {
	"name" : "Mendonça, Wilma",
	"contributorNameTypeId" : "2b94c631-fca9-4892-a730-03ee529ffe2a"
  }, {
	"name" : "Tukano, Álvaro ",
	"contributorNameTypeId" : "2b94c631-fca9-4892-a730-03ee529ffe2a"
  }, {
	"name" : "Marçal, Joe",
	"contributorNameTypeId" : "2b94c631-fca9-4892-a730-03ee529ffe2a"
  } ],
  "subjects" : [ "Histórias Indígenas", "Povos Indígenas", "Educação Indígena" ],
  "classifications" : [ ],
  "publication" : [ {
	"place" : "[s.n.l]"
  } ],
  "publicationFrequency" : [ ],
  "publicationRange" : [ ],
  "electronicAccess" : [ ],
  "instanceTypeId" : "6312d172-f0cf-40f6-b27d-9fa8feaf332f",
  "instanceFormatIds" : [ ],
  "physicalDescriptions" : [ "220 p. : il." ],
  "languages" : [ "por" ],
  "notes" : [ "Inclui bibliografias" ],
  "modeOfIssuanceId" : "9d18a02f-5897-4c31-9106-c9abb5c7ae8b",
  "catalogedDate" : "20190118161802.0",
  "statisticalCodeIds" : [ ],
  "sourceRecordFormat" : "MARC-JSON",
  "statusId" : "52a2ff34-2a12-420d-8539-21aa8d3cf5d8",
  "metadata" : {
	"createdDate" : "2019-04-23T10:01:18.266+0000",
	"createdByUserId" : "47c75435-e168-467a-a564-b926c2cce858",
	"updatedDate" : "2019-04-23T10:01:18.266+0000",
	"updatedByUserId" : "47c75435-e168-467a-a564-b926c2cce858"
  }
}
