<marc:record>
    <marc:leader>01753nam a22003137a 4500</marc:leader>
    <marc:controlfield tag="003">BR-BrSNJ</marc:controlfield>
    <marc:controlfield tag="005">20181001120451.0</marc:controlfield>
    <marc:controlfield tag="008">160330b bl||||| |||| 00| 0 por d</marc:controlfield>
    <marc:datafield tag="040" ind1=" " ind2=" ">
        <marc:subfield code="a">SNJ</marc:subfield>
        <marc:subfield code="b">por</marc:subfield>
    </marc:datafield>
    <marc:datafield tag="082" ind1=" " ind2=" ">
        <marc:subfield code="a">305.2530981 J97</marc:subfield>
    </marc:datafield>
    <marc:datafield tag="245" ind1=" " ind2=" 2"="2"">
        <marc:subfield code="a">A juventude brasileira no contexto atual e em cenário futuro /</marc:subfield>
        <marc:subfield code="c">Rosemary Barber-Madden, Taís de Freitas Santos. --</marc:subfield>
    </marc:datafield>
    <marc:datafield tag="260" ind1=" " ind2=" ">
        <marc:subfield code="a">[s.n.l]</marc:subfield>
    </marc:datafield>
    <marc:datafield tag="300" ind1=" " ind2=" ">
        <marc:subfield code="a">185 p.</marc:subfield>
    </marc:datafield>
    <marc:datafield tag="504" ind1=" " ind2=" ">
        <marc:subfield code="a">Inclui bibliografia</marc:subfield>
    </marc:datafield>
    <marc:datafield tag="505" ind1=" " ind2=" ">
        <marc:subfield code="a">A situação dos jovens no mundo / Rosemary Barber-Madden e Bruno Abe Saber -- O processo de transição demográfica das regiões metropolitanas e dos municípios de Manaus, Teresina, Goiânia e Brasília / Fernando RobertoP. de C. e Albuquerque -- Os jovens no futuro : projeções para o Brasil metropolitano em 2020 e 2030 / Glauco Umbelino e Douglas Sather -- Os muitos desafios da política nacional de juventude / Secretaria Nacional de Juventude --</marc:subfield>
    </marc:datafield>
    <marc:datafield tag="650" ind1=" " ind2=" 0"="0"">
        <marc:subfield code="a">Políticas Sociais</marc:subfield>
        <marc:subfield code="x">Juventude</marc:subfield>
        <marc:subfield code="z">Brasil</marc:subfield>
        <marc:subfield code="9">2084</marc:subfield>
    </marc:datafield>
    <marc:datafield tag="650" ind1=" " ind2=" 0"="0"">
        <marc:subfield code="a">Políticas públicas de juventude</marc:subfield>
        <marc:subfield code="9">1027</marc:subfield>
    </marc:datafield>
    <marc:datafield tag="650" ind1=" " ind2=" 0"="0"">
        <marc:subfield code="a">Situação educacional juvenil</marc:subfield>
        <marc:subfield code="9">1479</marc:subfield>
    </marc:datafield>
    <marc:datafield tag="650" ind1=" " ind2=" 0"="0"">
        <marc:subfield code="a">Emprego / desemprego juvenil</marc:subfield>
        <marc:subfield code="9">1280</marc:subfield>
    </marc:datafield>
    <marc:datafield tag="650" ind1=" " ind2=" 0"="0"">
        <marc:subfield code="a">Política Nacional de Juventude</marc:subfield>
        <marc:subfield code="z">Brasil</marc:subfield>
        <marc:subfield code="9">2085</marc:subfield>
    </marc:datafield>
    <marc:datafield tag="710" ind1="2" ind2=" ">
        <marc:subfield code=" a"="a"">Fundo de População das Nações Unidas</marc:subfield>
        <marc:subfield code="9">1859</marc:subfield>
    </marc:datafield>
    <marc:datafield tag="710" ind1=" " ind2=" ">
        <marc:subfield code="a">Caixa Seguros</marc:subfield>
        <marc:subfield code="9">120</marc:subfield>
    </marc:datafield>
    <marc:datafield tag="710" ind1="1" ind2=" ">
        <marc:subfield code=" a"="a"">Brasil. Presidência da República. Secretaria Nacional de Juventude. Conselho Nacional da Jventude</marc:subfield>
        <marc:subfield code="9">2086</marc:subfield>
    </marc:datafield>
    <marc:datafield tag="710" ind1="2" ind2=" ">
        <marc:subfield code=" a"="a"">Universidade de Brasilia</marc:subfield>
        <marc:subfield code="9">336</marc:subfield>
    </marc:datafield>
    <marc:datafield tag="856" ind1=" " ind2=" ">
        <marc:subfield code="u">http://www.unfpa.org.br/Arquivos/livro_juventude.pdf</marc:subfield>
        <marc:subfield code="z">Texto integral</marc:subfield>
    </marc:datafield>
    <marc:datafield tag="909" ind1=" " ind2=" ">
        <marc:subfield code="a">201603</marc:subfield>
        <marc:subfield code="b">ING</marc:subfield>
    </marc:datafield>
    <marc:datafield tag="942" ind1=" " ind2=" ">
        <marc:subfield code="2">ddc</marc:subfield>
        <marc:subfield code="c">BK</marc:subfield>
    </marc:datafield>
    <marc:datafield tag="999" ind1=" " ind2=" ">
        <marc:subfield code="c">246</marc:subfield>
        <marc:subfield code="d">246</marc:subfield>
    </marc:datafield>
    <marc:datafield tag="952" ind1=" " ind2=" ">
        <marc:subfield code="0">0</marc:subfield>
        <marc:subfield code="1">0</marc:subfield>
        <marc:subfield code="2">ddc</marc:subfield>
        <marc:subfield code="4">0</marc:subfield>
        <marc:subfield code="6">305_253098100000000_J97</marc:subfield>
        <marc:subfield code="7">0</marc:subfield>
        <marc:subfield code="9">338</marc:subfield>
        <marc:subfield code="a">SNJ</marc:subfield>
        <marc:subfield code="b">SNJ</marc:subfield>
        <marc:subfield code="d">2016-03-30</marc:subfield>
        <marc:subfield code="o">305.2530981 J97</marc:subfield>
        <marc:subfield code="p">SNJ16030263</marc:subfield>
        <marc:subfield code="r">2016-09-30</marc:subfield>
        <marc:subfield code="w">2016-03-30</marc:subfield>
        <marc:subfield code="y">BK</marc:subfield>
    </marc:datafield>
</marc:record>
